{
    "add_command": [], 
    "architecture": "x86_64", 
    "author": "RedisLabs", 
    "capabilities": [
        "types", 
        "crdb", 
        "failover_migrate", 
        "persistence_aof", 
        "persistence_rdb", 
        "clustering", 
        "backup_restore", 
        "reshard_rebalance", 
        "eviction_expiry"
    ], 
    "command_line_args": "CreateVenv 1 DownloadDeps 0", 
    "commands": [
        {
            "command_arity": -1, 
            "command_name": "rg.pyexportreq", 
            "first_key": 0, 
            "flags": [
                "readonly"
            ], 
            "last_key": 0, 
            "step": 0
        }, 
        {
            "command_arity": -1, 
            "command_name": "rg.pyimportreq", 
            "first_key": 0, 
            "flags": [
                "readonly"
            ], 
            "last_key": 0, 
            "step": 0
        }, 
        {
            "command_arity": -1, 
            "command_name": "rg.getexecution", 
            "first_key": 0, 
            "flags": [
                "readonly"
            ], 
            "last_key": 0, 
            "step": 0
        }, 
        {
            "command_arity": -1, 
            "command_name": "rg.getresultsblocking", 
            "first_key": 0, 
            "flags": [
                "readonly"
            ], 
            "last_key": 0, 
            "step": 0
        }, 
        {
            "command_arity": -1, 
            "command_name": "rg.trigger", 
            "first_key": 2, 
            "flags": [
                "readonly"
            ], 
            "last_key": 2, 
            "step": 1
        }, 
        {
            "command_arity": -1, 
            "command_name": "rg.getresults", 
            "first_key": 0, 
            "flags": [
                "readonly"
            ], 
            "last_key": 0, 
            "step": 0
        }, 
        {
            "command_arity": -1, 
            "command_name": "rg.unregister", 
            "first_key": 0, 
            "flags": [
                "readonly"
            ], 
            "last_key": 0, 
            "step": 0
        }, 
        {
            "command_arity": -1, 
            "command_name": "rg.dumpexecutions", 
            "first_key": 0, 
            "flags": [
                "readonly"
            ], 
            "last_key": 0, 
            "step": 0
        }, 
        {
            "command_arity": -1, 
            "command_name": "rg.pystats", 
            "first_key": 0, 
            "flags": [
                "readonly"
            ], 
            "last_key": 0, 
            "step": 0
        }, 
        {
            "command_arity": -1, 
            "command_name": "rg.configget", 
            "first_key": 0, 
            "flags": [
                "readonly"
            ], 
            "last_key": 0, 
            "step": 0
        }, 
        {
            "command_arity": -1, 
            "command_name": "rg.pydumpreqs", 
            "first_key": 0, 
            "flags": [
                "readonly"
            ], 
            "last_key": 0, 
            "step": 0
        }, 
        {
            "command_arity": -1, 
            "command_name": "rg.pyexecuteremote", 
            "first_key": 0, 
            "flags": [
                "readonly"
            ], 
            "last_key": 0, 
            "step": 0
        }, 
        {
            "command_arity": -1, 
            "command_name": "RG.PYIMPORTRETINTERNAL", 
            "first_key": 0, 
            "flags": [
                "readonly"
            ], 
            "last_key": 0, 
            "step": 0
        }, 
        {
            "command_arity": -1, 
            "command_name": "RG.CLUSTERSETFROMSHARD", 
            "first_key": 0, 
            "flags": [
                "readonly"
            ], 
            "last_key": 0, 
            "step": -1
        }, 
        {
            "command_arity": -1, 
            "command_name": "rg.clusterset", 
            "first_key": 0, 
            "flags": [
                "readonly"
            ], 
            "last_key": 0, 
            "step": -1
        }, 
        {
            "command_arity": -1, 
            "command_name": "rg.dumpregistrations", 
            "first_key": 0, 
            "flags": [
                "readonly"
            ], 
            "last_key": 0, 
            "step": 0
        }, 
        {
            "command_arity": -1, 
            "command_name": "rg.pyexecute", 
            "first_key": 0, 
            "flags": [
                "readonly"
            ], 
            "last_key": 0, 
            "step": 0
        }, 
        {
            "command_arity": -1, 
            "command_name": "rg.abortexecution", 
            "first_key": 0, 
            "flags": [
                "readonly"
            ], 
            "last_key": 0, 
            "step": 0
        }, 
        {
            "command_arity": -1, 
            "command_name": "rg.dropexecution", 
            "first_key": 0, 
            "flags": [
                "readonly"
            ], 
            "last_key": 0, 
            "step": 0
        }
    ], 
    "config_command": "RG.CONFIGSET", 
    "dependencies": {
        "python3_1.0.6": {
            "sha256": "e94f2ef944243a41319c94a6ce80ca0f559b48c0c07b95dbd6078e57f04d31d2", 
            "url": "http://redismodules.s3.amazonaws.com/redisgears/redisgears-dependencies.linux-bionic-x64.1.0.6.tgz"
        }
    }, 
    "description": "Dynamic execution framework for your Redis data", 
    "display_name": "RedisGears", 
    "email": "meir@redislabs.com", 
    "exclude_commands": [
        "rg.configset", 
        "RG.INNERUNREGISTER", 
        "RG.INNERREGISTER", 
        "RG.INNERMSGCOMMAND", 
        "rg.example", 
        "rg.refreshcluster", 
        "rg.infocluster", 
        "rg.hello", 
        "rg.networktest", 
        "rg.pyfreeinterpreter"
    ], 
    "git_sha": "71740d307029c2b0ef49633ec7b1f12da23290c8", 
    "homepage": "http://redisgears.io", 
    "license": "Redis Source Available License Agreement", 
    "min_redis_pack_version": "6.0.0", 
    "min_redis_version": "6.0.0", 
    "module_file": "redisgears.so", 
    "module_name": "rg", 
    "optional-dependencies": {}, 
    "os": "Linux", 
    "overide_command": [
        {
            "command_arity": -1, 
            "command_name": "rg.trigger", 
            "first_key": 2, 
            "flags": [
                "readonly"
            ], 
            "last_key": 2, 
            "step": 1
        }
    ], 
    "ramp_format_version": 1, 
    "semantic_version": "1.0.6", 
    "sha256": "fd9cbdd22ab029b8dd67733463a4a985b731e17fa31be963aaf9a557d0e04a57", 
    "version": 10006.0
}